date,marketing_channel,impressions,clicks,cost,lead_counts,total_score,thirty_minutes_tests,ninety_minutes_tests,service_appointment_tests,other_tests
2020-05-25,native,1581594,1252,261.65881368,,,,,,
2020-05-25,seo,3609,292,219.5952,,,,,,
2020-05-25,social network,24237,214,103.40219934,,,,,,
2020-05-26,native,3659988,2244,525.03021846,,,,,,
2020-05-26,seo,2473,214,142.956,,,,,,
2020-05-26,social network,31996,293,161.37659934,,,,,,
2020-05-27,native,3637912,2247,493.61861802,,,,,,
2020-05-27,seo,2050,132,70.686,,,,,,
2020-05-27,social network,34438,282,189.22199934,,,,,,
2020-05-28,native,3997878,2227,493.55228736,,,,,,
2020-05-28,seo,2164,139,101.6004,,,,,,
2020-05-28,social network,37474,236,189.255,,,,,,
2020-05-29,native,4384841,2177,494.78848914,,,,,,
2020-05-29,seo,3198,254,294.0366,,,,,,
2020-05-29,social network,33932,259,197.77559868,,,,,,
2020-05-30,native,4390144,2333,491.9422068,,,,,,
2020-05-30,seo,1074,78,92.169,,,,,,
2020-05-30,social network,25577,203,150.843,,,,,,
2020-05-31,native,4472761,2417,491.79145158,,,,,,
2020-05-31,seo,145,9,2.0856,,,,,,
2020-05-31,social network,39748,261,197.49839934,,,,,,
2020-06-01,native,5470050,3411,595.03787376,9,90,0,0,0,0
2020-06-01,seo,2049,172,138.5208,1,10,0,0,0,0
2020-06-01,social network,46893,334,198.90419934,16,160,2,2,0,1
2020-06-02,native,5928465,3314,584.46913338,6,60,1,2,0,0
2020-06-02,seo,3905,341,286.7568,9,90,1,2,0,0
2020-06-02,social network,51212,303,210.606,6,60,0,0,0,0
2020-06-03,native,7280508,4369,856.60825074,8,80,2,1,0,1
2020-06-03,seo,5012,461,445.0908,7,70,0,0,0,0
2020-06-03,social network,65823,359,298.68959934,12,120,1,1,0,0
2020-06-04,native,6973282,6165,1514.73200076,27,260,0,8,0,0
2020-06-04,seo,7417,595,571.6524,4,40,0,1,0,0
2020-06-04,social network,69863,391,310.33199802,15,150,3,1,0,1
2020-06-05,native,5426848,3908,1124.85830952,20,200,2,6,0,1
2020-06-05,seo,7308,688,435.6,9,90,0,3,0,0
2020-06-05,social network,67435,355,289.806,18,160,1,1,0,0
2020-06-06,native,4901964,3273,1099.15489596,33,320,4,8,0,0
2020-06-06,seo,4772,478,320.3376,6,60,0,1,0,0
2020-06-06,social network,61275,371,284.5062,16,160,0,0,0,0
2020-06-07,native,8087754,4957,1632.30032856,43,430,5,11,0,2
2020-06-07,seo,4152,544,331.1748,4,40,0,0,0,0
2020-06-07,social network,73013,386,311.75759934,23,210,2,3,0,1
2020-06-08,native,11941844,5318,1659.41092878,40,370,6,7,0,2
2020-06-08,seo,4829,531,292.4724,10,100,0,2,0,0
2020-06-08,social network,144230,690,582.52919868,31,260,4,1,0,0
2020-06-09,native,11218907,3951,1238.37132804,33,330,6,6,0,4
2020-06-09,seo,4643,528,289.9512,4,40,0,1,0,0
2020-06-09,social network,172422,931,753.885,33,320,1,4,0,0
2020-06-10,native,7798681,4186,1137.85548492,7,70,0,2,0,0
2020-06-10,seo,4377,506,258.885,3,30,1,0,0,0
2020-06-10,social network,169932,755,722.25779934,23,220,1,2,0,0
2020-06-11,native,8256612,4632,1158.47640348,18,180,1,4,0,1
2020-06-11,seo,4590,493,335.0688,3,30,0,0,0,0
2020-06-11,social network,265418,1709,859.92719934,37,360,0,7,0,0
2020-06-12,native,5792964,3802,842.83920204,19,180,0,5,0,0
2020-06-12,seo,6079,525,370.986,4,40,0,0,0,0
2020-06-12,social network,212682,2630,853.29419802,36,350,3,4,0,0
2020-06-13,native,5367280,4435,944.13285582,25,250,4,6,0,0
2020-06-13,seo,5109,453,378.6354,2,20,0,0,0,0
2020-06-13,social network,227287,2559,963.1908,49,480,1,5,0,0
2020-06-14,native,5037820,5726,1331.69686452,28,270,4,6,0,0
2020-06-14,seo,7267,716,581.8164,8,80,1,0,0,1
2020-06-14,social network,309965,3008,1026.9798,55,540,2,4,0,0
2020-06-15,native,6171728,4520,894.53102706,22,210,4,4,0,0
2020-06-15,seo,5468,564,486.915,8,70,0,1,0,1
2020-06-15,social network,380277,2558,969.5796,41,400,3,2,0,1
2020-06-16,native,8547252,4787,983.77156878,38,380,6,7,0,0
2020-06-16,seo,5963,553,421.1856,6,60,1,1,0,0
2020-06-16,social network,370401,2508,969.79079934,25,250,3,2,0,0
2020-06-17,native,10782673,6433,1369.61370282,42,420,4,8,0,1
2020-06-17,seo,5519,604,444.0084,10,100,0,2,0,0
2020-06-17,social network,426958,2907,1021.878,45,440,2,1,0,2
2020-06-18,native,10259430,5650,1157.98359006,28,260,3,1,0,2
2020-06-18,seo,4362,486,339.5898,6,60,1,1,0,0
2020-06-18,social network,416019,3022,1026.0492,33,320,1,0,0,0
2020-06-19,native,10809702,6117,1071.16554864,29,290,1,4,0,1
2020-06-19,seo,5044,571,424.1226,4,40,0,0,0,0
2020-06-19,social network,377293,3251,975.92219604,37,360,0,2,0,1
2020-06-20,native,9811175,6369,1390.88180682,30,300,5,4,0,0
2020-06-20,seo,4387,515,431.9172,6,60,0,0,0,0
2020-06-20,social network,291576,3711,1031.58659934,38,370,0,1,0,0
2020-06-21,native,11157993,7004,1735.16741904,39,380,6,8,0,0
2020-06-21,seo,4312,518,414.876,6,60,0,0,0,0
2020-06-21,social network,271090,4004,1027.69259934,54,540,2,2,0,0
2020-06-22,native,12770588,6524,1839.83357118,54,530,11,7,1,1
2020-06-22,seo,4429,531,397.518,4,40,0,1,0,1
2020-06-22,social network,240984,3284,1012.29479934,40,390,3,1,0,1
2020-06-23,native,11595986,6572,1880.61821838,63,630,9,14,0,1
2020-06-23,seo,4070,482,381.48,3,30,0,0,0,0
2020-06-23,social network,200599,2453,972.85979934,41,400,3,4,0,0
2020-06-24,native,8995385,5151,1526.52980502,36,360,6,4,0,3
2020-06-24,seo,4027,495,368.8938,7,70,0,1,0,0
2020-06-24,social network,164841,2408,977.86259934,36,320,0,2,0,0
2020-06-25,native,9090365,4635,1701.9768249,42,410,2,7,0,1
2020-06-25,seo,4204,503,361.6074,3,30,1,0,0,0
2020-06-25,social network,143901,1874,951.753,49,480,3,2,0,0
2020-06-26,native,10349883,4041,1475.56235178,25,250,1,4,0,1
2020-06-26,seo,5411,522,379.5924,1,10,0,0,0,0
2020-06-26,social network,134920,1377,1019.1126,31,280,2,2,0,0
2020-06-27,native,9219320,3551,1081.43147574,27,260,3,7,0,2
2020-06-27,seo,6040,619,649.5456,3,30,1,0,1,0
2020-06-27,social network,133694,1727,1093.93679934,52,510,1,3,0,0
2020-06-28,native,9853007,4935,1283.92378356,27,250,3,6,0,1
2020-06-28,seo,5484,579,450.0936,9,80,0,1,0,0
2020-06-28,social network,150324,1745,1041.7308,69,660,1,4,1,0
2020-06-29,native,8071333,4075,899.07321108,18,170,1,2,0,0
2020-06-29,seo,5088,573,369.7254,3,30,0,1,0,0
2020-06-29,social network,149741,1579,962.0028,51,500,1,2,0,1
2020-06-30,native,10495898,4289,985.35094416,16,150,1,2,0,0
2020-06-30,seo,3991,434,274.5138,3,30,1,0,0,0
2020-06-30,social network,150806,1722,1048.20539802,51,460,4,2,1,0
2020-07-01,native,9489457,3772,896.02466184,27,270,2,5,0,1
2020-07-01,seo,3999,443,291.7068,2,20,0,0,0,0
2020-07-01,social network,155353,1769,990.099,52,460,2,3,0,0
2020-07-02,native,11125567,4327,1068.8773821,29,280,3,6,0,0
2020-07-02,seo,3162,401,219.879,6,60,0,3,0,0
2020-07-02,social network,154847,1705,1002.9624,47,450,0,2,1,0
2020-07-03,native,9150590,4309,1125.91919352,30,300,2,9,0,1
2020-07-03,seo,2778,332,162.6702,6,60,1,0,0,0
2020-07-03,social network,134392,1662,990.3498,50,480,1,4,0,1
2020-07-04,native,7196098,3910,1010.93667642,29,250,2,5,0,0
2020-07-04,seo,2181,262,124.9446,,,,,,
2020-07-04,social network,132042,1750,1015.0074,51,480,1,1,0,0
2020-07-05,native,9167188,4593,1313.77116882,32,300,8,10,0,2
2020-07-05,seo,2822,377,195.1224,4,40,0,0,0,0
2020-07-05,social network,132106,1874,982.4826,45,430,0,0,0,0
2020-07-06,native,7670204,4880,1475.90762022,41,410,6,9,0,1
2020-07-06,seo,4770,591,369.1116,4,40,3,0,0,0
2020-07-06,social network,124258,1595,977.3742,48,470,2,0,0,0
2020-07-07,native,7830416,4765,1432.5314058,35,340,5,4,0,2
2020-07-07,seo,4110,522,290.928,4,40,0,1,0,0
2020-07-07,social network,111963,1610,1007.37779802,40,400,0,1,0,0
2020-07-08,native,7619864,5022,1582.3300482,38,380,6,8,0,0
2020-07-08,seo,4142,443,245.2428,5,50,0,2,0,0
2020-07-08,social network,130292,2126,1080.8952,67,660,4,3,0,0
2020-07-09,native,7552515,4728,1396.48149762,28,280,8,4,0,0
2020-07-09,seo,3052,425,225.126,3,30,1,0,0,0
2020-07-09,social network,128540,1850,1041.5856,38,380,2,1,0,1
2020-07-10,native,6795139,4345,1256.64710688,38,370,7,5,0,0
2020-07-10,seo,3238,429,244.9986,3,30,1,1,0,0
2020-07-10,social network,124806,1839,1038.12719868,51,470,1,0,0,0
2020-07-11,native,5706365,3875,1040.706051,29,270,2,4,0,0
2020-07-11,seo,2347,358,231.3498,4,40,0,0,0,1
2020-07-11,social network,107244,1682,932.26319802,62,610,0,1,0,0
2020-07-12,native,5721002,4074,1040.67079908,26,250,2,4,1,2
2020-07-12,seo,2518,376,240.57,3,30,0,0,0,0
2020-07-12,social network,115147,1755,904.07459934,48,430,2,2,1,0
2020-07-13,native,6509134,3647,968.34772782,28,280,6,8,0,1
2020-07-13,seo,7315,699,636.3258,6,60,0,2,0,0
2020-07-13,social network,135964,1731,936.67859934,70,650,3,4,0,1
2020-07-14,native,6242346,3635,1085.8506846,34,330,5,8,0,2
2020-07-14,seo,7943,809,685.0206,7,70,0,0,0,0
2020-07-14,social network,137339,1934,981.0174,55,510,1,2,0,0
2020-07-15,native,7001154,3821,1177.00360272,33,320,9,6,0,0
2020-07-15,seo,9370,981,914.9448,8,80,0,3,0,0
2020-07-15,social network,123155,1672,865.14119934,45,420,0,2,0,1
2020-07-16,native,6041676,3481,1077.70185468,26,260,6,1,1,0
2020-07-16,seo,9034,987,852.687,9,90,0,3,0,0
2020-07-16,social network,124652,1593,925.53779868,38,360,3,2,1,0
2020-07-17,native,5171212,3377,881.28391692,20,200,1,9,0,2
2020-07-17,seo,6372,707,556.974,7,60,2,0,0,0
2020-07-17,social network,123215,1291,834.84719934,27,250,2,2,0,0
2020-07-18,native,4646898,3273,758.08794072,17,170,1,4,0,0
2020-07-18,seo,5439,588,542.553,4,40,0,1,0,0
2020-07-18,social network,112275,1112,815.16599934,17,150,3,3,0,0
2020-07-19,native,5516602,4457,1106.0083155,24,230,7,4,0,0
2020-07-19,seo,7124,900,1358.2206,8,80,1,2,0,0
2020-07-19,social network,135684,1161,860.0658,18,180,0,7,0,0
2020-07-20,native,6636766,4696,1291.78636488,32,300,1,11,0,0
2020-07-20,seo,2540,371,334.4088,2,20,0,0,0,0
2020-07-20,social network,133652,1163,845.44679868,20,200,2,1,1,1
2020-07-21,native,7864030,4389,1341.96600318,29,280,4,9,0,2
2020-07-21,seo,2022,281,279.411,3,30,0,0,0,0
2020-07-21,social network,122514,1170,861.68279934,31,270,1,3,0,0
2020-07-22,native,7715602,4092,1256.22409704,27,260,3,6,0,0
2020-07-22,seo,1899,235,258.456,3,30,0,2,0,0
2020-07-22,social network,143521,1363,862.75199868,33,320,0,5,0,1
2020-07-23,native,7194463,3689,1125.89569356,33,330,7,4,0,1
2020-07-23,seo,3956,418,569.9364,7,70,2,4,0,0
2020-07-23,social network,142177,1356,850.23839802,19,180,3,1,1,0
2020-07-24,native,8671529,3995,1455.80286588,41,380,5,18,0,1
2020-07-24,seo,1768,227,274.7316,4,40,1,0,0,0
2020-07-24,social network,126669,1257,791.41919802,21,200,2,2,0,1
2020-07-25,native,6921527,4034,1276.66960938,25,240,4,7,0,1
2020-07-25,seo,1300,154,142.2102,,,,,,
2020-07-25,social network,125119,1244,844.1994,21,200,3,2,0,0
2020-07-26,native,8527784,4891,1641.04627368,41,400,9,9,0,1
2020-07-26,seo,1430,155,159.7596,2,20,0,0,1,0
2020-07-26,social network,144182,1453,867.25319934,27,250,2,3,0,1
2020-07-27,native,6612895,3496,1036.82257602,17,170,2,3,0,1
2020-07-27,seo,2266,201,180.609,8,80,2,1,0,0
2020-07-27,social network,123318,1213,730.12499934,29,260,3,4,0,1
2020-07-28,native,6569512,3881,1209.92205576,23,230,3,5,0,0
2020-07-28,seo,1866,139,120.5358,1,10,0,0,0,0
2020-07-28,social network,124188,1375,710.7342,21,190,2,3,0,0
2020-07-29,native,5840739,3784,1189.20628464,23,230,6,7,0,0
2020-07-29,seo,2174,146,122.1132,2,20,2,0,0,0
2020-07-29,social network,122897,1334,718.93799934,17,160,2,0,0,0
2020-07-30,native,5498595,3309,908.39772276,18,180,2,3,0,1
2020-07-30,seo,1945,120,99.1056,1,10,0,1,0,0
2020-07-30,social network,116916,1136,780.3906,23,210,0,1,0,1
2020-07-31,native,5160748,3213,868.16471016,21,210,7,4,0,0
2020-07-31,seo,2655,180,160.8948,2,20,0,0,0,0
2020-07-31,social network,102415,1024,720.9311967,23,230,3,1,0,0
2020-08-01,native,4697848,3166,763.77783372,19,180,3,2,0,0
2020-08-01,seo,2571,196,194.8122,2,20,0,0,0,0
2020-08-01,social network,114589,1143,701.9628,26,230,4,4,0,0
2020-08-02,native,5699266,3435,814.57719486,21,210,6,1,0,0
2020-08-02,seo,2508,173,153.2322,2,20,0,1,0,0
2020-08-02,social network,143499,1354,727.96679868,29,270,4,1,0,1
2020-08-03,native,6023945,3634,935.03095554,22,210,4,4,0,2
2020-08-03,seo,2799,176,154.803,6,60,1,2,0,0
2020-08-03,social network,155270,1399,717.3738,33,310,8,3,0,0
2020-08-04,native,5665758,3563,914.18114436,24,230,5,1,1,0
2020-08-04,seo,3539,253,237.369,6,60,2,0,0,1
2020-08-04,social network,145789,1290,671.2794,34,320,7,3,1,1
2020-08-05,native,5430423,3302,905.90509548,26,250,4,4,0,1
2020-08-05,seo,3126,249,260.997,2,20,0,0,0,0
2020-08-05,social network,144833,1284,685.80599868,34,330,8,2,0,0
2020-08-06,native,5166758,3155,882.4273425,31,310,5,7,0,0
2020-08-06,seo,5503,449,557.139,7,70,0,0,0,0
2020-08-06,social network,145012,1311,704.92619934,38,380,9,5,0,0
2020-08-07,native,4535814,3328,798.1595754,19,180,3,3,1,0
2020-08-07,seo,5418,433,543.9918,7,70,0,3,0,0
2020-08-07,social network,155456,1413,709.2426,47,450,7,4,0,0
2020-08-08,native,4386764,3387,807.80282682,18,170,3,3,0,0
2020-08-08,seo,4255,395,471.3588,2,20,0,1,0,0
2020-08-08,social network,166418,1491,728.48819934,44,420,7,5,1,0
2020-08-09,native,5632362,4283,924.1101606,28,280,5,3,0,0
2020-08-09,seo,5088,499,635.5272,3,30,2,1,0,0
2020-08-09,social network,208718,1827,777.9618,64,590,6,6,0,1
2020-08-10,native,7230236,5588,1193.95303896,29,280,3,5,0,1
2020-08-10,seo,5506,443,463.2078,5,50,1,1,0,0
2020-08-10,social network,237066,1835,799.26659934,42,400,8,3,0,1
2020-08-11,native,6924136,5491,1149.12677748,21,210,5,1,0,0
2020-08-11,seo,4589,345,360.8154,3,30,0,0,0,0
2020-08-11,social network,200303,1876,840.5628,50,480,6,5,1,0
2020-08-12,native,6723315,5458,1191.52681758,27,270,2,4,0,0
2020-08-12,seo,3604,298,251.3016,,,,,,
2020-08-12,social network,237087,2238,905.59919868,54,500,4,3,0,1
2020-08-13,native,6666995,5279,1220.1203685,30,260,3,5,0,0
2020-08-13,seo,3538,283,241.6986,1,10,0,0,0,0
2020-08-13,social network,219443,1880,853.09619934,57,530,6,8,0,1
2020-08-14,native,7150134,5428,1149.54141984,29,280,4,6,0,1
2020-08-14,seo,3654,292,255.0504,2,10,0,0,0,0
2020-08-14,social network,252032,1982,991.04279868,75,700,8,4,0,1
2020-08-15,native,6651193,5493,1056.7566669,31,280,1,7,0,1
2020-08-15,seo,2458,198,150.4536,1,10,0,0,0,0
2020-08-15,social network,249332,1877,1072.88279868,76,730,12,4,0,0
2020-08-16,native,7118628,5886,1115.42303532,46,430,3,9,0,0
2020-08-16,seo,2262,208,179.1306,3,30,0,2,0,1
2020-08-16,social network,325254,2121,1126.9434,95,880,11,7,0,1
2020-08-17,native,7502193,5763,1131.28592874,21,200,0,2,1,0
2020-08-17,seo,5045,465,450.2586,7,60,0,2,0,0
2020-08-17,social network,373843,2437,1218.5382,91,830,7,6,3,2
2020-08-18,native,6428064,5111,1079.55642102,34,310,5,1,0,0
2020-08-18,seo,5362,437,463.221,11,110,1,0,0,1
2020-08-18,social network,354668,2165,1192.653,79,760,12,5,1,0
2020-08-19,native,6789502,5084,1119.46860762,35,340,6,4,0,0
2020-08-19,seo,4473,380,404.118,4,30,0,1,0,0
2020-08-19,social network,448494,2785,1690.53059934,97,900,11,4,0,1
2020-08-20,native,6796608,5091,1233.43376706,29,270,3,3,0,0
2020-08-20,seo,5529,530,606.5796,5,50,0,1,0,0
2020-08-20,social network,505029,2747,2073.85859868,126,1210,17,9,0,4
2020-08-21,native,6810479,5181,1199.88131142,32,310,3,5,0,0
2020-08-21,seo,4708,463,509.9226,7,70,3,0,0,0
2020-08-21,social network,464469,3444,2398.9482,144,1370,24,14,0,3
2020-08-22,native,6404753,5537,1380.06606738,34,310,4,6,0,0
2020-08-22,seo,3041,286,302.0226,9,70,1,1,0,0
2020-08-22,social network,436064,2944,2459.061,181,1770,27,14,1,1
2020-08-23,native,7276384,5805,1429.4029695,50,450,5,6,1,1
2020-08-23,seo,3165,258,209.649,3,10,0,0,0,0
2020-08-23,social network,530641,3018,2665.87859868,170,1680,29,8,0,2
2020-08-24,native,8254595,5852,1432.47356934,48,400,5,4,0,0
2020-08-24,seo,3181,234,201.3066,2,10,0,1,0,0
2020-08-24,social network,464346,2646,2459.08739934,147,1410,24,18,0,1
2020-08-25,native,8564698,6493,1455.76081002,42,400,3,7,0,0
2020-08-25,seo,3055,209,156.2352,3,30,0,1,0,0
2020-08-25,social network,481433,2827,2683.51379934,169,1640,24,14,2,3
2020-08-26,native,8958677,5509,1254.47969724,39,360,3,8,0,0
2020-08-26,seo,2490,178,127.0038,5,20,0,1,0,0
2020-08-26,social network,547382,3163,2779.79459934,148,1450,16,9,0,2
2020-08-27,native,6905227,5168,1187.5036602,35,260,4,4,0,0
2020-08-27,seo,4189,225,200.376,3,30,0,1,0,0
2020-08-27,social network,465642,2385,2586.2166,134,1210,19,12,0,1
2020-08-28,native,5374797,4370,1014.86092554,27,150,1,5,0,0
2020-08-28,seo,3712,184,172.0356,3,30,0,0,0,1
2020-08-28,social network,462685,2383,2806.34639868,143,1310,11,11,0,1
2020-08-29,native,5999025,4783,1095.21199656,40,310,1,3,0,0
2020-08-29,seo,2789,112,97.3038,1,10,0,0,0,0
2020-08-29,social network,482879,2616,2814.84719868,139,1230,20,12,0,2
2020-08-30,native,6818175,6105,1494.56354322,40,280,3,4,0,0
2020-08-30,seo,2695,127,98.7096,2,0,0,0,0,0
2020-08-30,social network,542092,2824,2812.1544,136,1150,20,4,0,2
2020-08-31,native,7021391,5523,1345.4321793,34,260,2,3,0,0
2020-08-31,seo,5060,282,202.1052,3,20,0,1,0,0
2020-08-31,social network,518409,2855,2681.07839934,143,1150,17,16,0,2
2020-09-01,native,5191766,4127,943.7955153,36,250,2,4,1,1
2020-09-01,seo,7094,479,423.7068,12,90,1,3,0,0
2020-09-01,social network,627817,3031,2777.44499934,132,1190,23,10,0,3
2020-09-02,native,4926747,3338,1035.98276562,27,230,4,2,0,0
2020-09-02,seo,9310,692,821.9112,11,100,0,4,0,1
2020-09-02,social network,564977,3203,2814.2334,113,940,20,7,1,0
2020-09-03,native,4469419,2856,897.0688056,24,120,2,2,1,1
2020-09-03,seo,2712,408,554.9412,11,60,1,1,0,0
2020-09-03,social network,488578,2796,2514.3756,110,980,16,8,0,0
2020-09-04,native,4563566,3119,879.37004694,29,240,4,6,0,0
2020-09-04,seo,2721,395,617.76,9,70,1,1,0,0
2020-09-04,social network,485114,2898,2413.25699934,115,1020,22,6,0,3
2020-09-05,native,5170308,3867,1025.86997898,40,240,3,4,0,0
2020-09-05,seo,2055,308,458.0532,4,40,0,1,0,0
2020-09-05,social network,502452,3310,2397.25199934,98,830,16,10,1,1
2020-09-06,native,6485710,4668,1197.00220332,37,250,2,2,0,0
2020-09-06,seo,1974,266,349.3842,4,30,0,0,0,0
2020-09-06,social network,508780,14379,2381.99939802,152,1370,16,12,1,3
2020-09-07,native,4569725,3536,866.52033996,29,230,6,2,0,1
2020-09-07,seo,2550,366,512.7804,5,30,1,1,0,0
2020-09-07,social network,504345,3904,2457.35159934,128,1130,18,5,2,1
2020-09-08,native,5740880,4126,972.41984136,27,190,3,4,0,1
2020-09-08,seo,2458,312,399.7026,7,30,1,2,0,0
2020-09-08,social network,511744,3015,2458.2096,109,950,13,9,1,4
2020-09-09,native,5319272,3521,891.48990744,27,180,1,2,0,0
2020-09-09,seo,2337,295,348.1764,5,20,1,0,0,0
2020-09-09,social network,530980,3248,2430.318,103,970,14,10,1,1
2020-09-10,native,5033227,3402,836.43632226,28,190,4,4,0,0
2020-09-10,seo,1984,212,269.7486,4,30,1,1,0,0
2020-09-10,social network,507860,2768,2414.6232,125,1070,19,8,1,2
2020-09-11,native,4339358,3590,805.4897598,29,180,2,5,0,0
2020-09-11,seo,1896,218,259.5846,8,70,0,0,0,0
2020-09-11,social network,472049,2547,2410.96019934,116,950,20,7,1,1
2020-09-12,native,4435614,3270,741.62826342,18,150,1,0,0,0
2020-09-12,seo,1509,203,272.514,3,30,0,0,0,1
2020-09-12,social network,494110,2490,2384.2566,101,910,15,8,0,1
2020-09-13,native,5770671,4405,1048.52836968,37,290,5,3,0,1
2020-09-13,seo,1684,160,168.0954,4,40,1,0,0,0
2020-09-13,social network,514775,2707,2378.3694,91,800,9,8,0,1
2020-09-14,native,4628509,3510,891.63366666,29,200,1,1,0,0
2020-09-14,seo,3152,347,358.1094,10,90,1,3,0,0
2020-09-14,social network,441315,2193,2369.16239934,96,810,17,5,0,2
2020-09-15,native,3233223,2518,592.72868622,21,150,3,2,0,0
2020-09-15,seo,3126,361,363.6798,9,60,0,3,0,1
2020-09-15,social network,381266,2065,2477.4882,106,960,23,3,1,5
2020-09-16,native,4048130,2902,703.57676334,22,130,1,2,0,0
2020-09-16,seo,3077,340,360.921,6,50,2,0,0,0
2020-09-16,social network,359041,1944,2556.07439934,139,1170,18,11,0,4
2020-09-17,native,4751930,2832,759.43207296,24,170,2,1,0,2
2020-09-17,seo,3350,468,554.3538,11,80,1,2,1,0
2020-09-17,social network,366067,2242,2708.7324,113,920,19,5,2,1
2020-09-18,native,3788535,2340,626.60016144,20,130,3,3,1,0
2020-09-18,seo,2795,338,399.5112,3,10,0,0,0,0
2020-09-18,social network,351446,2059,2629.41359868,104,900,30,6,1,2
2020-09-19,native,2528594,2066,537.81885696,16,110,2,2,0,0
2020-09-19,seo,2081,226,309.21,4,40,0,0,0,0
2020-09-19,social network,383410,2159,2757.53939934,122,1030,26,13,2,3
2020-09-20,native,2919449,2674,624.2945115,21,160,1,1,0,0
2020-09-20,seo,2279,232,275.4444,8,60,0,0,0,0
2020-09-20,social network,422324,2504,2676.53759934,116,1020,18,6,0,2
2020-09-21,native,3187495,2251,629.934228,16,140,2,1,0,1
2020-09-21,seo,3234,321,342.6984,10,70,0,2,0,0
2020-09-21,social network,414029,2190,2624.1731967,86,760,9,8,1,1
2020-09-22,native,3253891,2253,653.62103796,15,120,3,1,0,0
2020-09-22,seo,3154,315,349.5096,9,70,0,1,0,0
2020-09-22,social network,470988,2675,2927.89859802,107,920,26,9,0,1
2020-09-23,native,2946921,2020,569.25751212,16,130,1,3,0,1
2020-09-23,seo,3217,336,324.7596,2,10,0,0,0,0
2020-09-23,social network,473046,3050,2926.84919868,117,990,21,9,0,1
2020-09-24,native,2929597,2040,678.95553132,22,170,5,1,0,0
2020-09-24,seo,3419,360,419.1132,12,110,0,3,1,1
2020-09-24,social network,512135,3260,3244.85039868,114,950,26,7,0,2
2020-09-25,native,2913601,2059,726.01951818,20,140,0,1,0,2
2020-09-25,seo,3128,361,377.4936,6,40,0,0,0,1
2020-09-25,social network,454962,3301,3273.50099802,117,990,20,8,0,1
2020-09-26,native,2307066,2076,608.86269906,13,90,2,1,0,0
2020-09-26,seo,2583,306,397.7028,4,30,1,0,0,0
2020-09-26,social network,445052,3234,3277.76459736,98,890,21,7,0,3
2020-09-27,native,3570824,2850,832.0793646,33,230,3,3,0,0
2020-09-27,seo,2606,335,404.0586,8,80,0,1,0,1
2020-09-27,social network,297571,2059,3346.76099934,92,770,12,5,1,1
2020-09-28,native,2866158,1774,614.31442446,26,150,0,3,0,0
2020-09-28,seo,3764,483,596.2176,13,110,2,3,0,1
2020-09-28,social network,315192,2240,3099.98699934,89,750,9,7,1,3
2020-09-29,native,3814294,2419,986.90617212,29,210,4,3,0,1
2020-09-29,seo,3892,440,433.7652,8,70,1,2,0,0
2020-09-29,social network,427938,2622,3550.88579934,108,970,23,8,1,2
2020-09-30,native,3959710,2161,951.55842078,31,260,3,6,0,1
2020-09-30,seo,3306,413,490.5186,5,40,0,2,0,0
2020-09-30,social network,432454,2841,3497.69639802,103,890,29,7,1,4
2020-10-01,native,3365175,2013,816.10375704,16,130,1,1,0,1
2020-10-01,seo,3209,410,503.7912,11,70,0,2,0,0
2020-10-01,social network,518273,3044,3596.04959868,117,1040,21,10,2,4
2020-10-02,native,2938066,2097,773.7091956,28,180,4,6,0,0
2020-10-02,seo,2487,304,353.0934,5,40,0,2,0,0
2020-10-02,social network,486590,3072,3524.33399934,115,1000,19,9,0,4
2020-10-03,native,4913340,3234,1192.80167754,37,280,1,3,1,1
2020-10-03,seo,2383,287,399.5706,5,30,0,1,0,0
2020-10-03,social network,517750,3359,3428.46239736,102,910,17,7,0,2
2020-10-04,native,5176675,3315,1141.33704498,36,300,5,2,0,1
2020-10-04,seo,2579,344,449.0574,5,40,2,2,0,0
2020-10-04,social network,594876,3612,3531.21119802,143,1170,21,13,0,3
2020-10-05,native,5522975,3747,1375.35164646,43,270,7,3,1,1
2020-10-05,seo,9488,771,913.506,12,80,1,5,0,0
2020-10-05,social network,583347,3497,3726.3798,124,1130,16,11,0,4
2020-10-06,native,4974444,3988,1707.24532374,51,350,2,6,0,1
2020-10-06,seo,4824,461,495.9702,13,90,1,1,0,1
2020-10-06,social network,462543,2815,3343.96919934,111,990,23,13,1,3
2020-10-07,native,4697729,3821,1445.41245882,47,330,2,6,2,1
2020-10-07,seo,3484,426,455.0964,10,90,2,3,0,1
2020-10-07,social network,422443,2766,3196.29419934,123,1050,20,12,1,5
2020-10-08,native,3998725,3120,1176.24358764,36,270,4,3,0,1
2020-10-08,seo,3448,377,381.612,5,30,0,0,0,0
2020-10-08,social network,420915,2863,3165.0036,111,950,17,7,2,3
2020-10-09,native,3857526,3146,1227.5618388,42,220,3,2,0,2
2020-10-09,seo,3135,366,398.5476,11,90,0,2,0,0
2020-10-09,social network,309977,2117,2834.667,103,920,14,9,0,5
2020-10-10,native,3992840,3430,1250.87040342,41,290,2,6,0,0
2020-10-10,seo,2536,321,395.5578,6,30,2,0,0,0
2020-10-10,social network,366132,2484,2951.751,90,800,24,7,1,4
2020-10-11,native,5621015,4202,1564.03278042,47,320,1,6,0,0
2020-10-11,seo,2583,309,398.1186,5,50,1,1,0,0
2020-10-11,social network,417076,2573,3137.11859934,101,900,12,14,1,4
2020-10-12,native,5142900,3665,1433.24020818,52,380,4,7,1,1
2020-10-12,seo,3977,443,490.248,10,80,0,3,0,0
2020-10-12,social network,318414,1919,2540.03639934,82,740,16,8,0,1
2020-10-13,native,4733406,3209,1192.44698232,35,260,3,4,0,0
2020-10-13,seo,3260,385,412.4736,8,40,0,0,0,0
2020-10-13,social network,327325,1900,2734.10939934,80,690,14,9,0,1
2020-10-14,native,3993742,3077,1166.75125908,43,280,1,6,0,1
2020-10-14,seo,3197,343,370.9794,8,70,3,1,0,0
2020-10-14,social network,324185,1842,2768.1258,84,740,13,9,0,2
2020-10-15,native,4297945,3124,1277.07283044,34,260,2,4,0,1
2020-10-15,seo,3041,336,404.1972,10,90,1,4,0,1
2020-10-15,social network,260913,1543,2320.23,68,630,12,11,0,1
2020-10-16,native,4614074,3358,1291.09175052,32,220,3,6,0,0
2020-10-16,seo,2909,304,365.937,7,30,1,1,0,0
2020-10-16,social network,225835,1552,2057.7282,59,510,7,5,0,1
2020-10-17,native,3963954,3139,1083.33024822,35,270,4,4,1,3
2020-10-17,seo,2211,284,360.756,6,30,1,0,0,0
2020-10-17,social network,206887,1396,1965.20279868,49,470,9,4,0,2
2020-10-18,native,5213958,4276,1506.43698084,36,280,3,4,0,1
2020-10-18,seo,2658,303,418.9482,3,20,0,0,0,1
2020-10-18,social network,261362,1686,2133.8856,77,660,13,1,0,2
2020-10-19,native,4185022,3037,1235.7761361,40,260,2,8,0,1
2020-10-19,seo,3904,429,503.7582,10,70,0,3,0,0
2020-10-19,social network,217691,1321,1849.1352,67,590,10,4,1,2
2020-10-20,native,4208452,2865,1146.43790448,24,150,1,2,0,0
2020-10-20,seo,3499,374,409.6554,6,30,0,1,0,0
2020-10-20,social network,216125,1186,1927.8864,55,480,9,5,0,0
2020-10-21,native,3632725,2554,991.25016012,29,190,4,3,0,3
2020-10-21,seo,3066,341,346.8366,3,30,1,1,0,0
2020-10-21,social network,198788,1178,1922.1708,45,380,9,5,0,0
2020-10-22,native,4450597,2935,1092.47351136,14,130,3,1,0,1
2020-10-22,seo,2865,294,359.8782,5,30,0,1,0,0
2020-10-22,social network,201741,1236,1986.32279934,58,520,11,8,1,3
2020-10-23,native,3775903,2523,997.70224026,22,170,4,2,0,0
2020-10-23,seo,3211,386,493.4094,9,50,2,1,0,0
2020-10-23,social network,183160,1077,1936.65119934,45,380,4,8,0,0
2020-10-24,native,3712831,2785,1028.79158712,24,170,2,2,0,0
2020-10-24,seo,2901,390,700.8804,12,70,1,2,0,0
2020-10-24,social network,201681,1098,1903.6314,63,490,10,4,0,1
2020-10-25,native,4957694,3799,1461.72845544,30,190,1,2,0,1
2020-10-25,seo,3304,451,704.0616,10,60,1,1,0,1
2020-10-25,social network,250199,1480,2062.21619868,66,600,12,6,0,0
2020-10-26,native,4930026,3460,1303.84389894,30,200,1,3,0,0
2020-10-26,seo,4693,567,803.022,6,40,2,0,0,0
2020-10-26,social network,181407,1478,1712.54819934,59,530,13,5,0,0
2020-10-27,native,6315944,4257,1601.75999874,39,330,7,4,1,2
2020-10-27,seo,3740,423,484.704,5,40,1,0,0,1
2020-10-27,social network,183902,1268,2035.9152,54,460,6,8,0,1
2020-10-28,native,5788806,3820,1606.37667234,36,290,7,6,0,1
2020-10-28,seo,3704,433,550.176,5,30,0,0,0,0
2020-10-28,social network,165142,1014,2209.07279934,36,310,6,6,0,0
2020-10-29,native,4265172,3244,1309.86809382,22,110,1,4,1,1
2020-10-29,seo,3301,407,490.1688,5,30,1,1,0,0
2020-10-29,social network,189248,1216,2298.91859934,55,480,8,9,0,0
2020-10-30,native,3458530,2633,953.56798416,25,190,2,1,0,0
2020-10-30,seo,2893,316,381.2952,8,50,0,1,0,0
2020-10-30,social network,210238,1182,2269.5552,67,550,16,9,0,2
2020-10-31,native,3803715,3076,1111.6045479,14,100,1,3,0,0
2020-10-31,seo,1996,221,258.7266,3,30,0,0,0,0
2020-10-31,social network,219295,1338,2251.39859934,71,600,14,5,1,2
2020-11-01,native,4606269,4079,1393.04508684,27,130,2,3,0,0
2020-11-01,seo,2043,218,201.1284,2,10,0,0,0,0
2020-11-01,social network,277646,1632,2313.6762,66,560,11,6,0,2
2020-11-02,native,4686678,3405,1305.78548562,31,170,3,2,0,0
2020-11-02,seo,2774,274,241.1178,5,20,2,0,0,0
2020-11-02,social network,288008,1894,2343.40919934,84,710,12,12,0,2
2020-11-03,native,4129783,3174,1126.95953832,19,100,1,1,0,0
2020-11-03,seo,2548,237,228.3138,5,30,0,2,0,0
2020-11-03,social network,281706,1837,2417.1312,86,690,10,5,1,1
2020-11-04,native,4454271,3378,1281.1884393,31,230,1,3,0,2
2020-11-04,seo,2298,194,200.4156,7,60,1,3,0,0
2020-11-04,social network,276649,1889,2442.87779868,89,730,13,10,1,1
2020-11-05,native,3678925,2460,907.55863704,17,120,1,1,0,0
2020-11-05,seo,2030,169,149.3646,7,50,0,1,0,0
2020-11-05,social network,247157,1475,2439.3468,55,430,7,4,0,2
2020-11-06,native,2938595,1820,616.97777856,10,50,0,0,0,0
2020-11-06,seo,1971,199,179.6916,3,20,0,0,0,0
2020-11-06,social network,251444,1342,2395.62839868,85,720,20,6,0,2
2020-11-07,native,3203292,1960,641.04919692,11,70,1,2,0,0
2020-11-07,seo,1455,155,144.804,4,20,0,0,0,0
2020-11-07,social network,270245,1495,2682.2664,76,650,15,6,0,0
2020-11-08,native,4055222,2583,890.75555514,15,70,1,1,0,0
2020-11-08,seo,1841,172,165.9834,6,30,0,2,0,0
2020-11-08,social network,311941,1670,2865.7266,83,690,15,4,0,3
2020-11-09,native,4054336,2342,927.37983294,16,100,0,3,0,0
2020-11-09,seo,2914,276,230.967,3,30,0,1,0,0
2020-11-09,social network,317061,1600,2876.0952,85,720,19,7,1,5
2020-11-10,native,6360010,3366,1434.82954494,28,210,5,1,0,2
2020-11-10,seo,3122,339,342.1638,9,80,2,2,0,0
2020-11-10,social network,339224,1883,3131.83199802,67,480,12,8,0,2
2020-11-11,native,4085501,3025,1250.53256328,25,150,3,4,0,0
2020-11-11,seo,3695,422,368.6298,5,30,1,2,0,0
2020-11-11,social network,384111,2192,3135.1782,89,800,13,12,0,1
2020-11-12,native,4158195,2962,1053.694026,17,110,3,4,0,0
2020-11-12,seo,3772,451,376.464,6,40,0,0,0,1
2020-11-12,social network,412419,2399,3332.06939868,100,840,26,16,1,5
2020-11-13,native,3722267,2362,962.68722,21,140,0,5,0,0
2020-11-13,seo,3291,369,341.5896,3,30,0,3,0,0
2020-11-13,social network,405369,2255,3450.0576,84,710,7,13,1,4
2020-11-14,native,3501980,2379,1043.8088628,18,130,2,1,0,0
2020-11-14,seo,2344,295,313.2426,3,20,0,0,1,0
2020-11-14,social network,471649,2700,3499.5642,100,820,17,10,0,4
2020-11-15,native,3597009,2464,942.37431024,13,110,0,1,0,0
2020-11-15,seo,2418,327,320.6742,7,70,1,1,0,0
2020-11-15,social network,578760,3224,3684.252,119,940,24,10,1,0
2020-11-16,native,4719909,2880,1172.8924845,23,180,2,9,0,0
2020-11-16,seo,4028,499,421.3176,9,50,0,2,0,0
2020-11-16,social network,517204,3145,3521.5026,98,790,15,11,0,3
2020-11-17,google display,,,,5,40,0,1,0,0
2020-11-17,native,3629052,2539,1102.27206078,23,150,0,2,0,0
2020-11-17,seo,4586,620,633.6198,8,70,0,4,0,0
2020-11-17,social network,515947,2987,3915.23219934,93,710,13,12,0,0
2020-11-18,google display,,,,5,10,0,0,0,0
2020-11-18,native,3042105,2769,1026.67232052,34,230,3,4,0,1
2020-11-18,seo,4227,627,710.2788,8,60,0,0,0,0
2020-11-18,social network,561690,3170,4260.43859802,116,940,18,19,1,1
2020-11-19,google display,,,,7,60,0,1,0,0
2020-11-19,native,3539249,2719,1129.91547834,22,190,5,6,0,0
2020-11-19,seo,4470,628,752.4462,10,70,0,2,0,0
2020-11-19,social network,566117,3389,4557.5178,124,1060,12,18,0,3
2020-11-20,google display,,,,2,20,0,0,0,0
2020-11-20,native,2519181,1917,799.85048022,17,60,2,1,0,0
2020-11-20,seo,3832,506,528.2772,7,40,1,1,0,0
2020-11-20,social network,605562,3698,5125.19039934,115,970,16,15,0,4
2020-11-21,google display,,,,22,150,1,4,0,0
2020-11-21,native,2507263,1973,904.87963962,17,80,1,3,0,0
2020-11-21,seo,2768,408,486.222,8,70,1,1,0,0
2020-11-21,social network,665367,3973,5444.11559934,134,1130,9,22,0,1
2020-11-22,google display,,,,30,270,0,1,0,0
2020-11-22,native,2611924,2335,1090.7535012,28,190,2,5,0,0
2020-11-22,seo,2968,422,517.9944,9,30,0,2,0,0
2020-11-22,social network,811659,5041,6334.87139868,151,1280,23,15,0,1
2020-11-23,google display,,,,6,50,0,1,0,0
2020-11-23,native,3662298,2878,1272.32626752,24,180,4,4,0,0
2020-11-23,seo,4087,560,564.7092,9,40,0,0,0,0
2020-11-23,social network,795778,4590,6442.6296,151,1240,23,20,1,4
2020-11-24,google display,,,,30,180,3,0,0,0
2020-11-24,native,4112944,2945,1379.52851256,35,270,6,2,1,0
2020-11-24,seo,3603,526,524.7594,7,40,2,1,0,0
2020-11-24,social network,745041,4463,7044.95219934,156,1350,24,24,0,4
2020-11-25,google display,,,,30,210,2,2,0,0
2020-11-25,native,5532584,2850,1372.85898288,39,370,6,2,1,3
2020-11-25,seo,3361,444,489.4164,7,50,1,2,0,0
2020-11-25,social network,686343,4113,6913.4142,158,1390,25,22,1,4
2020-11-26,google display,,,,3,20,0,0,0,0
2020-11-26,native,3553549,1856,867.36021504,26,210,5,0,0,0
2020-11-26,seo,3390,439,440.7942,5,50,0,2,0,1
2020-11-26,social network,766996,4313,7963.48079868,147,1250,26,17,0,1
2020-11-27,google display,,,,14,70,0,1,0,0
2020-11-27,native,5996238,3104,1539.46124706,49,340,5,3,0,3
2020-11-27,seo,2851,362,335.214,8,70,1,3,0,0
2020-11-27,social network,679812,3861,8718.9432,136,1230,21,19,1,5
2020-11-28,google display,,,,18,120,0,1,0,0
2020-11-28,native,5712062,2929,1588.21361226,42,390,4,9,1,2
2020-11-28,seo,2101,291,285.4038,4,20,0,1,0,0
2020-11-28,social network,769864,4380,8565.31499934,155,1380,22,23,0,5
2020-11-29,google display,,,,23,190,3,2,0,0
2020-11-29,native,5654196,3261,1567.52675706,47,380,5,5,0,1
2020-11-29,seo,2239,231,218.9616,4,30,0,1,0,0
2020-11-29,social network,923368,5549,8783.71559868,163,1440,25,24,0,3
2020-11-30,google display,,,,6,40,1,0,0,0
2020-11-30,native,7283918,3644,1826.9781222,48,340,6,6,0,2
2020-11-30,seo,3563,405,371.4678,6,60,2,0,1,1
2020-11-30,social network,823591,4649,8778.01319868,140,1180,27,17,0,4
2020-12-01,google display,,,,23,150,0,1,0,1
2020-12-01,native,9474205,4511,2114.59638654,47,380,1,14,0,1
2020-12-01,seo,3309,422,406.7316,11,60,1,1,0,0
2020-12-01,social network,824642,4667,8283.40919934,144,1330,25,16,1,3
2020-12-02,google display,,,,40,330,4,4,0,1
2020-12-02,native,8667585,5185,2078.44371636,69,610,10,12,0,1
2020-12-02,seo,3581,514,513.4008,11,90,1,3,0,0
2020-12-02,social network,703029,3663,7901.83019934,133,1170,16,19,1,2
2020-12-03,google display,,,,9,70,0,1,0,0
2020-12-03,native,8298664,4297,1795.40598534,45,390,6,6,0,3
2020-12-03,seo,3829,593,616.5786,10,60,0,4,0,0
2020-12-03,social network,680123,3666,7865.06819934,101,830,15,12,1,5
2020-12-04,google display,,,,14,100,2,1,0,0
2020-12-04,native,9325999,5010,2075.10144798,57,510,5,16,0,1
2020-12-04,seo,3360,453,491.6076,10,70,0,2,0,0
2020-12-04,social network,623911,3236,7394.8182,106,850,15,16,0,2
2020-12-05,google display,,,,23,140,1,2,0,1
2020-12-05,native,9548875,4914,2223.14101878,51,410,5,10,0,0
2020-12-05,seo,2658,365,418.7172,3,20,0,1,0,0
2020-12-05,social network,650514,3484,7521.5316,134,1210,15,23,2,3
2020-12-06,google display,,,,15,110,2,0,0,0
2020-12-06,native,10236985,6138,2757.48161502,71,600,5,15,0,0
2020-12-06,seo,2940,476,695.0856,10,50,0,2,0,0
2020-12-06,social network,697654,3564,7623.9702,130,1110,17,19,0,2
2020-12-07,google display,,,,11,70,1,1,0,1
2020-12-07,native,9723915,5663,2415.43329654,64,590,8,11,0,3
2020-12-07,seo,4715,773,984.7596,6,40,0,2,0,0
2020-12-07,social network,738950,4325,6761.5746,127,1100,19,17,0,4
2020-12-08,google display,,,,6,40,1,0,0,0
2020-12-08,native,11550794,5724,2382.14788152,51,430,7,8,0,1
2020-12-08,seo,4440,650,748.5522,7,40,1,2,0,0
2020-12-08,social network,565563,3179,6143.5704,103,930,20,15,0,4
2020-12-09,google display,,,,10,80,1,1,0,0
2020-12-09,native,10619306,5545,2298.59938242,69,620,10,11,0,2
2020-12-09,seo,4199,593,656.304,15,90,0,2,0,0
2020-12-09,social network,542811,2923,5737.7298,93,810,11,15,0,3
2020-12-10,google display,,,,52,310,3,5,0,0
2020-12-10,native,8429118,4857,1956.1455474,54,460,8,5,1,2
2020-12-10,seo,3833,536,648.5754,13,110,1,4,0,0
2020-12-10,social network,519002,2736,5677.10219934,100,920,19,12,0,4
2020-12-11,google display,,,,34,240,5,1,0,1
2020-12-11,native,8439700,4712,2000.17831068,59,480,3,9,1,3
2020-12-11,seo,3422,439,512.2656,8,60,1,3,0,0
2020-12-11,social network,458482,2298,5346.54119934,101,930,15,11,0,5
2020-12-12,google display,,,,30,230,4,2,0,0
2020-12-12,native,8197442,4936,2032.14589248,69,560,9,4,0,4
2020-12-12,seo,2568,346,354.321,8,60,0,4,0,0
2020-12-12,social network,475751,2433,5114.84159934,90,820,13,13,0,4
2020-12-13,google display,,,,35,220,1,7,0,1
2020-12-13,native,9768054,6266,2310.32739828,68,580,10,6,0,1
2020-12-13,seo,2820,391,418.0374,13,90,1,0,0,0
2020-12-13,social network,525233,2582,5176.53839868,101,870,21,10,0,4
2020-12-14,google display,,,,23,170,2,1,0,3
2020-12-14,native,7910233,4566,1828.422618,49,480,11,10,1,2
2020-12-14,seo,4400,556,511.8696,4,30,0,2,0,0
2020-12-14,social network,522880,3127,4394.78159934,81,690,11,12,1,4
2020-12-15,google display,,,,1,10,0,0,0,0
2020-12-15,native,9163924,4936,2005.43637294,47,340,3,3,1,4
2020-12-15,seo,3922,491,450.78,8,40,1,1,0,0
2020-12-15,social network,452233,2163,4503.17339868,67,600,9,7,0,4
2020-12-16,native,9789822,4814,1957.57914462,58,500,9,6,0,2
2020-12-16,seo,3697,479,482.1168,5,40,0,1,0,1
2020-12-16,social network,346460,1876,3640.1772,61,580,13,8,0,3
2020-12-17,native,11021864,5640,2145.49514388,76,640,8,11,0,4
2020-12-17,seo,3556,448,419.7468,9,70,0,3,0,0
2020-12-17,social network,475988,2442,4808.94479604,79,710,17,11,0,1
2020-12-18,native,7349033,3981,1408.50237264,30,250,1,5,2,3
2020-12-18,seo,2983,383,379.8564,4,10,0,0,0,0
2020-12-18,social network,580877,3258,5067.20279736,122,1010,24,14,1,5
2020-12-19,native,9997861,5667,2325.17019702,62,570,10,8,0,1
2020-12-19,seo,2243,277,272.2368,,,,,,
2020-12-19,social network,642112,3901,5040.0504,97,860,18,3,1,2
2020-12-20,native,11087848,6794,2763.23241414,68,560,7,11,1,3
2020-12-20,seo,2937,393,453.2484,1,0,0,0,0,0
2020-12-20,social network,691068,4822,4823.7222,125,1090,17,7,0,3
2020-12-21,native,9728138,5350,2203.3167156,50,460,6,5,1,1
2020-12-21,seo,3445,395,437.1708,6,50,1,1,0,0
2020-12-21,social network,760815,5126,4836.88919934,125,1050,19,13,0,5
2020-12-22,native,8752313,5212,2035.40225592,56,530,9,11,1,4
2020-12-22,seo,2487,320,315.5196,8,30,0,0,0,0
2020-12-22,social network,813787,5662,5178.18179868,116,950,11,15,0,4
2020-12-23,google display,,,,1,0,0,0,0,0
2020-12-23,native,10303214,5394,2070.2166639,57,540,7,8,1,3
2020-12-23,seo,1922,219,213.8928,5,30,0,1,0,0
2020-12-23,social network,799153,5988,5093.69519934,132,1050,10,8,0,3
2020-12-24,native,8201445,5190,1815.85651632,48,450,10,5,0,1
2020-12-24,seo,1455,186,224.6244,3,20,0,1,0,0
2020-12-24,social network,806807,6160,5325.29579868,102,880,17,5,1,2
2020-12-25,native,9558057,6487,2175.81630156,61,570,6,11,0,1
2020-12-25,seo,1761,222,233.079,4,20,0,0,0,0
2020-12-25,social network,942860,6500,5484.76499802,128,1170,18,10,0,1
2020-12-26,native,11504168,7886,3023.53918218,91,830,6,12,0,2
2020-12-26,seo,1949,246,217.6746,5,30,0,0,0,0
2020-12-26,social network,871525,5590,5378.55119802,134,1130,15,18,1,2
2020-12-27,native,12940280,8778,3317.16315744,101,890,10,9,1,3
2020-12-27,seo,2173,271,199.122,8,30,1,0,0,0
2020-12-27,social network,854096,5474,5331.20939868,130,1180,12,11,0,3
2020-12-28,native,12354172,8066,2870.31381384,90,780,11,13,3,0
2020-12-28,seo,3402,438,341.5698,7,30,1,1,0,0
2020-12-28,social network,872156,4936,5429.7011967,128,1200,26,14,1,4
2020-12-29,native,13808779,8273,3034.70361216,97,870,8,15,1,2
2020-12-29,seo,2659,320,265.32,4,30,1,0,0,0
2020-12-29,social network,828728,4624,5565.15959934,126,1130,18,19,1,1
2020-12-30,native,12423489,7601,2706.55123398,102,920,16,14,0,3
2020-12-30,seo,2720,373,256.014,4,10,0,1,0,0
2020-12-30,social network,845045,4834,5548.96319868,117,1030,22,14,0,2
2020-12-31,native,10494962,7041,2317.43203626,69,610,12,6,1,4
2020-12-31,seo,1693,238,187.7304,4,20,0,0,0,0
2020-12-31,social network,875964,4927,5320.5437967,102,870,13,10,1,1
2021-01-01,native,12066148,9144,3297.76721406,97,870,16,18,1,3
2021-01-01,seo,1857,184,208.6722,3,10,0,0,0,0
2021-01-01,social network,1135750,6477,5586.82739934,129,1120,15,17,1,3
2021-01-02,native,14052502,9637,3505.50867678,111,990,16,15,0,3
2021-01-02,seo,2191,262,202.7322,7,50,0,3,0,0
2021-01-02,social network,1081154,6401,5607.6768,155,1300,24,16,1,3
2021-01-03,native,13170839,9583,3693.90168972,122,970,13,18,0,1
2021-01-03,seo,2476,226,233.6268,8,60,1,0,0,0
2021-01-03,social network,1145938,6274,5533.56539802,129,1170,22,22,0,3
2021-01-04,native,14852715,9333,3446.53086294,91,830,15,11,0,3
2021-01-04,seo,6716,530,1018.2348,14,90,1,3,0,0
2021-01-04,social network,1037406,6494,5588.14739934,156,1330,23,18,1,4
2021-01-05,native,15802452,9264,3377.84622516,86,750,10,17,1,3
2021-01-05,seo,4336,381,617.7336,4,30,2,1,0,0
2021-01-05,social network,941263,5317,5538.588,136,1180,21,10,2,3
2021-01-06,native,15565169,9710,3584.82399462,112,980,16,13,3,3
2021-01-06,seo,1885,215,210.111,6,50,0,2,0,0
2021-01-06,social network,986933,5647,5566.05059868,142,1230,12,17,0,5
2021-01-07,native,17372059,9644,3458.56174158,104,960,11,19,0,3
2021-01-07,seo,2453,273,236.0556,8,60,0,2,0,0
2021-01-07,social network,913525,5668,5548.92359868,126,1060,12,16,0,2
2021-01-08,native,17196801,9179,3444.6180318,103,950,14,10,1,3
2021-01-08,seo,2409,281,258.324,3,10,0,0,0,0
2021-01-08,social network,856194,5256,5518.49759934,136,1300,18,24,0,5
2021-01-09,native,13497106,8223,3073.95821172,83,750,14,10,0,2
2021-01-09,seo,2036,265,252.615,11,80,0,0,0,0
2021-01-09,social network,953999,6049,5532.25859934,131,1100,17,17,0,0
2021-01-10,native,15728168,9373,3367.32289938,108,1000,22,13,1,1
2021-01-10,seo,2821,352,366.8874,8,40,1,0,0,0
2021-01-10,social network,988058,6622,5587.27619934,143,1220,15,17,0,3
2021-01-11,native,16559380,8007,2949.69827262,88,820,18,13,3,0
2021-01-11,seo,6525,833,802.2366,11,90,2,1,0,0
2021-01-11,social network,920581,6458,5333.295,138,1140,15,10,0,1
2021-01-12,native,17250264,8339,3076.76503662,90,740,13,14,1,3
2021-01-12,seo,5383,850,836.9592,11,100,2,3,0,0
2021-01-12,social network,744180,4135,5438.90819934,110,980,20,11,1,2
2021-01-13,native,14099751,6227,2457.13449894,76,690,17,6,0,1
2021-01-13,seo,4911,772,772.794,11,80,0,3,0,0
2021-01-13,social network,623979,3647,5657.23619934,101,790,16,9,1,4
2021-01-14,native,11187295,6056,2284.95263304,60,540,7,6,1,2
2021-01-14,seo,4941,801,892.0098,12,80,0,4,0,0
2021-01-14,social network,623358,3680,5649.47459934,103,900,10,17,1,5
2021-01-15,native,11199225,6045,2352.39209106,74,710,13,9,1,1
2021-01-15,seo,4217,606,613.9056,10,80,0,2,0,0
2021-01-15,social network,636404,3295,5461.69799736,72,620,9,4,0,2
2021-01-16,native,11414416,6756,2458.32768258,76,670,8,10,0,2
2021-01-16,seo,3033,503,563.5674,6,30,0,0,0,0
2021-01-16,social network,848981,5217,5611.97999934,124,1050,26,10,0,0
2021-01-17,native,11211409,6604,2421.77263152,58,520,8,9,0,1
2021-01-17,seo,3214,601,707.9886,12,110,4,2,0,1
2021-01-17,social network,972153,6047,5476.55459868,130,1190,16,7,0,5
2021-01-18,native,12006140,6157,2239.78220202,65,600,10,6,0,0
2021-01-18,seo,4520,672,693.9966,10,80,0,0,0,0
2021-01-18,social network,931806,5745,5481.7488,115,980,19,9,0,2
2021-01-19,native,14308515,6319,2433.23337114,69,560,5,10,1,1
2021-01-19,seo,4323,584,676.9686,15,100,0,3,0,0
2021-01-19,social network,835627,5185,5309.172,109,880,12,14,0,2
2021-01-20,native,13281971,6021,2197.13937234,69,650,12,15,0,3
2021-01-20,seo,3553,438,462.99,7,60,0,2,0,0
2021-01-20,social network,878568,5977,5249.66639934,123,1110,15,18,1,4
2021-01-21,native,10324022,4957,1861.33647216,63,550,12,10,0,2
2021-01-21,seo,3626,497,470.0718,8,60,0,1,0,0
2021-01-21,social network,865879,5868,5349.7158,113,1010,11,17,0,6
2021-01-22,native,10064942,5083,1866.70705518,54,490,5,7,0,1
2021-01-22,seo,3411,408,405.9858,8,60,0,0,0,0
2021-01-22,social network,858562,5737,5276.1522,133,1090,16,15,0,3
2021-01-23,native,10033526,5202,1915.08084306,62,550,12,9,0,3
2021-01-23,seo,2788,371,345.8004,6,50,0,0,0,1
2021-01-23,social network,871520,5820,5441.85839868,127,1080,20,11,0,2
2021-01-24,native,13200336,7076,2579.6183028,68,650,9,10,1,1
2021-01-24,seo,2813,369,310.7478,4,20,0,1,0,0
2021-01-24,social network,1010000,6405,5286.99599802,120,1030,11,13,0,2
2021-01-25,native,12571236,5446,2130.21254754,60,530,8,5,2,2
2021-01-25,seo,3486,428,327.657,10,70,1,2,0,0
2021-01-25,social network,871324,5333,5257.10459868,105,920,12,6,1,2
2021-01-26,native,13017178,6756,2239.3944243,69,650,10,15,1,3
2021-01-26,seo,3538,468,333.2274,13,100,0,2,0,0
2021-01-26,social network,897635,5379,5406.83879934,119,1040,19,15,1,4
2021-01-27,native,13632031,5836,2074.75125198,45,410,8,6,0,3
2021-01-27,seo,3148,411,292.9938,6,50,0,4,0,0
2021-01-27,social network,841049,4822,5408.45579934,123,1040,14,17,0,2
2021-01-28,native,13623650,6026,2087.0836107,62,500,9,7,0,3
2021-01-28,seo,3002,394,263.8878,4,20,0,1,0,1
2021-01-28,social network,701125,4514,5396.02139934,110,960,23,11,0,4
2021-01-29,native,13905400,6533,2247.10894452,58,510,10,8,0,2
2021-01-29,seo,2722,355,275.3586,12,110,1,3,0,1
2021-01-29,social network,694110,4018,5314.81499934,98,820,10,13,0,3
2021-01-30,native,13074925,6987,2414.41527492,65,610,6,6,0,1
2021-01-30,seo,8846,455,311.6718,11,100,1,3,0,1
2021-01-30,social network,770565,4305,5273.12939934,109,930,26,8,0,6
2021-01-31,native,15186593,7999,2760.33715914,72,620,13,17,0,1
2021-01-31,seo,2765,450,280.3284,14,100,3,0,0,0
2021-01-31,social network,857206,5255,5303.13299736,117,1040,10,11,0,3
2021-02-01,native,13049087,5876,2348.14760796,43,410,9,6,0,2
2021-02-01,seo,3871,524,315.9024,12,90,0,2,0,0
2021-02-01,social network,790795,4791,4832.56619868,115,1010,18,11,1,2
2021-02-02,native,11834196,6111,2287.43819898,41,370,9,5,0,2
2021-02-02,seo,3849,507,355.6212,8,70,3,2,0,2
2021-02-02,social network,622063,3185,5261.81699934,97,910,14,15,0,5
2021-02-03,native,16199485,7390,2558.79207078,81,710,15,16,0,4
2021-02-03,seo,4015,597,442.3452,9,70,1,0,0,1
2021-02-03,social network,623589,2895,5386.392,85,780,17,14,0,4
2021-02-04,native,12020965,6711,2114.48741526,48,410,6,8,0,3
2021-02-04,seo,3691,507,349.3446,9,70,1,3,0,0
2021-02-04,social network,661319,3075,5280.03299802,93,820,13,14,0,3
2021-02-05,native,10692720,6439,2012.60654034,37,330,7,4,1,0
2021-02-05,seo,12255,1135,1223.2902,14,130,0,3,0,0
2021-02-05,social network,640825,2743,5337.14939802,80,700,9,12,0,2
2021-02-06,native,11746902,7000,2192.89494072,36,360,9,4,0,1
2021-02-06,seo,8494,618,490.545,8,50,0,1,0,0
2021-02-06,social network,720085,3198,5387.83079868,88,810,15,12,0,2
2021-02-07,native,12645455,7723,2595.8595366,61,570,8,11,2,3
2021-02-07,seo,9713,656,543.2394,8,80,0,2,0,0
2021-02-07,social network,730979,3165,5446.78199934,87,790,18,7,1,2
2021-02-08,native,9885132,5278,1892.69060772,55,530,9,12,0,1
2021-02-08,seo,10141,775,600.8508,14,110,0,4,0,0
2021-02-08,social network,845448,4440,4805.30159538,109,970,14,17,0,2
2021-02-09,native,12367158,5960,2058.13485966,64,590,15,5,1,2
2021-02-09,seo,8746,619,423.3372,8,60,1,0,0,0
2021-02-09,social network,992823,5406,5371.83899934,115,1000,22,20,0,3
2021-02-10,native,11440604,5781,2009.55486534,63,610,10,12,0,4
2021-02-10,seo,7416,490,292.1028,12,80,0,0,1,2
2021-02-10,social network,924653,4937,5151.49139802,116,1010,29,18,0,4
2021-02-11,native,13007845,6087,2121.85510614,58,570,7,12,0,1
2021-02-11,seo,7208,472,294.5382,10,60,1,2,0,0
2021-02-11,social network,781265,4617,5248.8612,107,960,14,12,0,3
2021-02-12,native,10183209,5475,1773.00459204,56,520,7,8,0,2
2021-02-12,seo,6915,463,339.9198,11,90,2,3,0,1
2021-02-12,social network,909589,4763,5518.28639934,103,830,12,11,0,4
2021-02-13,native,9930513,5111,1649.7602847,55,470,10,9,0,0
2021-02-13,seo,5188,366,276.3486,7,30,0,1,0,0
2021-02-13,social network,882653,4165,5539.09619802,98,900,10,9,0,2
2021-02-14,native,9100905,5347,1634.84506284,35,330,7,1,0,1
2021-02-14,seo,5894,420,317.6712,6,50,0,1,0,0
2021-02-14,social network,944840,4603,5366.59859868,118,1040,18,8,0,1
2021-02-15,native,10742930,5336,1798.03794852,57,530,7,6,2,0
2021-02-15,seo,10488,751,559.8648,19,170,2,6,0,0
2021-02-15,social network,1005348,4711,5364.20939736,130,1160,20,21,0,7
2021-02-16,native,12649998,6169,2202.25747896,83,750,8,20,0,1
2021-02-16,seo,9864,714,496.3926,14,70,0,2,0,0
2021-02-16,social network,1016779,4711,5511.80519736,118,1060,21,18,1,3
2021-02-17,google display,,,,41,220,0,1,0,1
2021-02-17,native,14740843,8369,2832.97000074,85,760,17,10,0,4
2021-02-17,seo,9415,629,444.4308,16,80,2,2,0,1
2021-02-17,social network,867579,3504,5634.24179802,103,970,12,14,0,2
2021-02-18,google display,,,,19,90,0,0,0,0
2021-02-18,native,14541620,7884,2766.4987317,95,820,21,11,0,4
2021-02-18,seo,10347,670,430.881,13,70,0,2,0,0
2021-02-18,social network,789112,3276,5793.36119868,109,910,13,14,1,5
2021-02-19,google display,,,,36,140,3,1,0,0
2021-02-19,native,13447135,7509,2560.32017868,100,810,18,7,1,2
2021-02-19,seo,8162,498,308.847,14,110,1,4,0,0
2021-02-19,social network,766800,3175,6196.03379934,112,920,26,16,0,2
2021-02-20,google display,,,,5,20,0,0,0,0
2021-02-20,native,11714787,8139,2569.93633248,95,770,16,9,0,1
2021-02-20,seo,4224,278,196.0398,7,40,0,3,0,1
2021-02-20,social network,749817,3019,6347.62259868,123,1150,20,16,0,8
2021-02-21,google display,,,,8,50,1,1,0,0
2021-02-21,native,12694836,7990,2600.89164522,84,680,11,10,1,3
2021-02-21,seo,5094,326,234.6498,10,90,0,1,0,0
2021-02-21,social network,830567,3108,6509.36219802,117,1020,17,13,0,2
2021-02-22,google display,,,,42,230,2,1,0,0
2021-02-22,native,17025036,8600,2978.87340102,106,830,12,13,1,5
2021-02-22,seo,8154,531,327.8022,5,10,0,1,0,0
2021-02-22,social network,991447,4283,6018.66539934,128,1090,23,14,0,6
2021-02-23,google display,,,,43,280,2,2,0,0
2021-02-23,native,13838420,7921,2654.21620596,88,750,8,12,1,2
2021-02-23,seo,7823,530,349.9386,7,60,0,2,0,0
2021-02-23,social network,1001028,4402,6294.20219934,140,1220,22,20,0,3
2021-02-24,google display,,,,62,250,1,0,0,0
2021-02-24,native,14513708,7555,2633.30798148,110,860,11,14,0,5
2021-02-24,seo,7841,524,346.2624,7,30,0,0,0,1
2021-02-24,social network,1005065,4304,6308.97299736,167,1320,19,20,0,4
2021-02-25,google display,,,,50,270,1,0,0,0
2021-02-25,native,13971052,7578,2645.03940558,110,980,14,17,1,3
2021-02-25,seo,9931,930,898.3392,11,90,0,1,0,1
2021-02-25,social network,1025222,4440,5688.20339934,140,1220,21,23,0,3
2021-02-26,google display,,,,73,300,1,2,0,0
2021-02-26,native,9800137,6730,2084.73971508,70,600,7,11,0,2
2021-02-26,seo,8168,979,928.4682,16,80,1,4,0,1
2021-02-26,social network,955992,4312,5496.3018,94,800,14,15,0,4
2021-02-27,google display,,,,77,420,4,1,0,0
2021-02-27,native,11235749,7942,2582.48281236,99,830,18,10,0,2
2021-02-27,seo,5722,349,245.9688,10,80,1,2,0,0
2021-02-27,social network,863604,4122,5658.03479736,111,910,8,9,0,2
2021-02-28,google display,,,,64,290,1,0,0,1
2021-02-28,native,13136493,9369,3103.6193331,100,860,11,21,0,1
2021-02-28,seo,5891,412,264.6864,5,40,0,3,0,0
2021-02-28,social network,1007695,4800,5822.73119934,125,1070,18,11,0,3
2021-03-01,google display,,,,68,360,2,0,0,0
2021-03-01,native,15675504,9333,2939.73787008,100,890,10,16,1,5
2021-03-01,seo,7480,552,360.1224,13,90,2,3,0,0
2021-03-01,social network,879452,3819,5110.8222,93,670,9,16,0,2
2021-03-02,google display,,,,47,290,1,0,0,0
2021-03-02,native,14021143,9431,2842.51200684,96,830,13,15,0,1
2021-03-02,seo,6709,473,294.2016,5,40,0,2,0,0
2021-03-02,social network,854658,4012,4877.08319802,99,900,14,18,0,4
2021-03-03,google display,,,,33,200,0,0,0,0
2021-03-03,native,9882254,8396,2352.0104388,93,750,12,13,0,0
2021-03-03,seo,7749,681,431.937,10,60,0,2,0,1
2021-03-03,social network,878368,4591,5288.17079934,116,980,15,10,0,1
2021-03-04,google display,,,,33,200,0,0,0,0
2021-03-04,native,11675747,8828,2818.30905642,84,690,6,10,1,1
2021-03-04,seo,7531,658,408.8568,12,100,1,3,0,0
2021-03-04,social network,779214,4153,4602.05459802,96,830,8,10,0,5
2021-03-05,google display,,,,60,430,0,1,0,0
2021-03-05,native,12033694,9634,2656.67169306,109,870,10,11,0,2
2021-03-05,seo,6663,550,327.2478,11,60,0,2,0,0
2021-03-05,social network,743518,4296,4903.83299802,94,810,16,11,0,2
2021-03-06,google display,,,,54,360,1,0,0,0
2021-03-06,native,11856531,12675,3214.27259868,98,770,8,11,0,2
2021-03-06,seo,4276,279,192.324,7,30,0,0,0,0
2021-03-06,social network,627847,4076,5136.28499934,126,1080,15,16,0,5
2021-03-07,google display,,,,64,420,0,0,0,0
2021-03-07,native,11241076,11059,3077.63279802,106,900,12,10,0,1
2021-03-07,seo,5139,392,258.7662,8,50,0,1,0,1
2021-03-07,social network,707158,4969,5041.14599934,118,1030,8,16,0,1
2021-03-08,google display,,,,43,300,1,0,0,0
2021-03-08,native,13540046,10860,2840.89739868,94,750,13,11,0,3
2021-03-08,seo,6411,493,301.0458,9,60,0,1,0,1
2021-03-08,social network,761610,4684,4962.05159868,89,740,17,7,0,0
2021-03-09,google display,,,,41,260,0,0,0,0
2021-03-09,native,12288622,9445,2470.46579868,71,590,13,8,0,0
2021-03-09,seo,9156,750,463.947,12,110,1,4,0,0
2021-03-09,social network,621122,4164,4775.04719604,89,770,15,12,0,3
2021-03-10,google display,,,,49,360,0,0,0,0
2021-03-10,native,11667778,9208,2310.429,86,650,12,6,0,1
2021-03-10,seo,9001,741,458.2776,15,100,0,3,0,2
2021-03-10,social network,706656,4433,4645.17899934,97,840,9,8,0,2
2021-03-11,google display,,,,42,240,0,0,0,0
2021-03-11,native,14011755,9123,2719.61579868,111,840,7,9,1,3
2021-03-11,seo,10703,875,564.1812,16,130,1,2,0,1
2021-03-11,social network,535223,4157,4361.69579868,96,860,5,11,1,5
2021-03-12,google display,,,,37,200,1,0,0,1
2021-03-12,native,12763007,10356,2618.35859934,127,980,8,19,1,3
2021-03-12,seo,8650,740,471.1344,14,70,0,0,0,0
2021-03-12,social network,459795,3539,4087.65719934,93,840,8,5,0,3
2021-03-13,google display,,,,47,260,0,0,0,0
2021-03-13,native,12194069,11332,3011.87699934,94,700,13,13,0,1
2021-03-13,seo,7015,583,403.887,11,100,0,4,0,2
2021-03-13,social network,402848,3437,4031.72879934,106,930,8,10,0,4
2021-03-14,google display,,,,45,250,0,1,0,0
2021-03-14,native,14481424,13143,3739.4808,124,920,16,19,1,5
2021-03-14,seo,8811,738,522.2052,15,100,1,2,0,2
2021-03-14,social network,450647,3512,4127.277,95,800,7,12,0,2
2021-03-15,native,13397174,9809,2677.752,101,740,7,13,2,2
2021-03-15,seo,10855,1012,643.3416,13,110,2,3,0,2
2021-03-15,social network,389423,3074,3460.20179934,78,690,11,10,0,4
2021-03-16,native,10809001,7921,1977.08939934,71,570,5,10,0,3
2021-03-16,seo,11504,1080,647.0376,11,100,1,5,0,0
2021-03-16,social network,333808,2405,3592.39319934,66,570,7,11,1,5
2021-03-17,native,13524968,8174,2469.984,117,870,14,11,1,2
2021-03-17,seo,9594,930,634.1478,17,140,3,3,0,2
2021-03-17,social network,330976,2226,3442.2168,64,480,6,9,0,1
2021-03-18,google display,,,,2,10,0,0,0,0
2021-03-18,native,14188016,8947,2617.23,100,790,12,8,0,1
2021-03-18,seo,8660,819,558.5646,13,90,0,4,0,1
2021-03-18,social network,288485,1899,3052.49339934,64,490,5,5,0,2
2021-03-19,native,12700963,8328,2479.37579868,88,690,6,15,0,4
2021-03-19,seo,6450,525,295.6008,7,60,0,3,0,0
2021-03-19,social network,278350,1968,2889.4272,51,440,4,6,0,0
2021-03-20,native,11482951,9356,2370.1326,101,770,10,17,1,2
2021-03-20,seo,4419,319,198.6732,8,60,1,3,0,0
2021-03-20,social network,302795,2221,2966.733,68,540,4,7,0,1
2021-03-21,google display,,,,1,10,0,0,0,0
2021-03-21,native,14916175,12929,3607.1904,115,980,13,19,0,3
2021-03-21,seo,5348,395,289.0074,11,60,0,2,0,1
2021-03-21,social network,333260,2305,2989.44359934,64,510,5,10,0,0
2021-03-22,native,13846106,9440,2662.6842,75,600,9,12,0,0
2021-03-22,seo,7020,537,345.7476,4,40,0,1,0,0
2021-03-22,social network,361882,2675,3019.3218,63,530,7,10,0,1
2021-03-23,native,14832031,9258,2801.1192,92,750,8,14,2,0
2021-03-23,seo,6399,531,338.5734,10,30,0,1,0,0
2021-03-23,social network,263413,2701,2636.36999868,65,580,4,9,0,1
2021-03-24,native,13071359,7854,2321.12099934,94,760,7,15,0,0
2021-03-24,seo,5696,464,296.769,9,80,0,3,0,2
2021-03-24,social network,307762,2613,2700.17219934,54,480,4,8,0,0
2021-03-25,native,10589379,6398,1758.6624,61,400,8,2,0,0
2021-03-25,seo,5173,404,280.2492,6,60,1,3,0,1
2021-03-25,social network,254586,2411,2422.56299934,40,340,3,2,0,0
2021-03-26,native,9632156,6139,1805.8656,92,710,8,6,1,1
2021-03-26,seo,4664,335,218.3676,6,40,0,2,0,0
2021-03-26,social network,219412,1784,2280.99959934,48,430,3,4,0,1
2021-03-27,native,9184183,7767,2342.76239868,84,630,10,4,0,4
2021-03-27,seo,5755,427,258.7002,4,30,0,0,0,0
2021-03-27,social network,232326,1730,2238.91139868,50,440,4,3,0,2
2021-03-28,native,8721595,7146,2078.57759934,78,610,8,9,0,4
2021-03-28,seo,4617,338,222.4596,14,110,0,5,0,2
2021-03-28,social network,257574,2111,2363.262,62,510,6,2,0,2
2021-03-29,native,10389242,6889,1962.10739934,57,430,7,11,0,0
2021-03-29,seo,5345,333,211.2198,8,70,0,2,0,2
2021-03-29,social network,210781,1845,2136.21539934,54,480,7,5,0,1
2021-03-30,native,9572512,5688,1773.9282,70,530,3,12,0,0
2021-03-30,seo,4160,269,177.0384,4,30,0,2,0,0
2021-03-30,social network,235795,1534,2028.0282,40,350,7,4,0,1
2021-03-31,native,10880831,7111,2090.2926,54,390,6,6,1,1
2021-03-31,seo,4856,330,210.705,4,30,0,2,0,0
2021-03-31,social network,264437,1573,2168.6346,43,400,8,5,0,1
2021-04-01,native,9932700,7134,2113.75559868,75,570,10,9,0,2
2021-04-01,seo,5598,437,330.6336,15,100,1,3,0,0
2021-04-01,social network,201097,1567,1752.6564,36,330,4,5,0,0
2021-04-02,native,10654615,8444,2667.1854,90,710,10,10,0,1
2021-04-02,seo,4029,227,152.5524,7,40,2,0,0,0
2021-04-02,social network,194014,1835,1711.03679934,44,360,5,5,0,0
2021-04-03,native,10669289,7853,2421.76439934,70,550,13,7,0,1
2021-04-03,seo,3602,203,134.541,3,10,0,0,0,0
2021-04-03,social network,180983,1664,1755.4416,36,300,3,7,1,0
2021-04-04,native,8702155,7450,2184.0126,82,550,7,7,0,1
2021-04-04,seo,4228,244,163.5018,3,20,0,0,0,0
2021-04-04,social network,201772,2009,1749.42239934,49,410,5,5,0,0
2021-04-05,native,12032846,9925,2748.7746,87,690,9,6,2,1
2021-04-05,seo,6202,406,300.6102,4,40,0,3,0,0
2021-04-05,social network,210017,1962,1730.9622,57,480,7,5,0,1
2021-04-06,native,14427863,9689,3079.1046,99,720,13,17,0,4
2021-04-06,seo,9558,760,546.1566,8,50,0,2,0,0
2021-04-06,social network,223566,1929,1761.20999868,58,460,8,11,0,2
2021-04-07,native,13885890,9340,3147.2958,110,850,18,16,0,3
2021-04-07,seo,10436,840,582.7866,9,90,1,3,0,1
2021-04-07,social network,178687,1178,1680.91439868,40,360,7,7,1,0
2021-04-08,native,12593881,8364,2848.77119934,136,1000,16,17,1,2
2021-04-08,seo,13249,1169,845.196,14,90,0,3,0,0
2021-04-08,social network,203281,1371,1953.42839934,54,470,7,8,0,0
2021-04-09,google display,,,,1,0,0,0,0,0
2021-04-09,native,12193551,8686,2862.54539868,105,790,7,14,0,3
2021-04-09,seo,9327,734,546.018,11,90,0,3,0,1
2021-04-09,social network,284490,2041,2347.73879868,51,420,3,11,1,5
2021-04-10,native,11829512,8766,2792.2356,109,840,11,12,1,1
2021-04-10,seo,6231,494,335.5704,15,100,0,2,0,0
2021-04-10,social network,236972,1511,2358.87299934,45,370,3,11,0,0
2021-04-11,native,13030085,9705,3274.82759868,117,860,10,16,0,1
2021-04-11,seo,5429,354,252.9252,5,30,0,0,0,0
2021-04-11,social network,248773,1468,2467.6476,57,540,3,4,2,4
2021-04-12,native,14001870,8578,3013.42799868,86,690,13,13,3,0
2021-04-12,seo,7872,608,385.5258,10,70,2,0,0,0
2021-04-12,social network,303996,2297,2563.45979934,55,430,5,10,0,2
2021-04-13,native,15995020,9785,3484.5426,125,890,15,11,1,3
2021-04-13,seo,8334,758,495.528,13,90,0,2,0,0
2021-04-13,social network,266978,2037,2506.54799934,58,490,4,8,1,4
2021-04-14,native,16371397,9682,3515.4966,121,950,13,11,1,3
2021-04-14,seo,7480,577,421.7004,12,100,2,3,0,1
2021-04-14,social network,253566,1595,2675.3892,49,380,3,4,0,0
2021-04-15,native,12690304,8791,2731.8522,90,690,5,13,0,4
2021-04-15,seo,7048,604,391.0698,8,80,0,4,0,0
2021-04-15,social network,260113,1383,2968.51499868,49,440,8,9,0,0
2021-04-16,native,10524196,6637,2169.38699934,84,590,11,8,0,2
2021-04-16,seo,7442,653,417.384,11,80,2,1,0,0
2021-04-16,social network,340353,2355,3547.92239934,165,1460,22,18,0,3
2021-04-17,native,6414176,3533,1379.57159934,32,280,4,3,0,0
2021-04-17,seo,5319,426,302.7882,4,20,0,0,0,0
2021-04-17,social network,303326,2567,3658.08959934,282,2630,42,44,0,2
2021-04-18,google display,,,,1,10,0,0,0,0
2021-04-18,native,9425398,6252,2363.31479934,57,420,5,8,0,1
2021-04-18,seo,6026,527,344.7048,11,70,0,2,0,0
2021-04-18,social network,294432,1810,2926.00439868,188,1820,23,39,0,2
2021-04-19,native,11841783,6044,2322.71819934,56,360,7,4,0,0
2021-04-19,seo,7513,659,415.4634,12,110,1,2,0,0
2021-04-19,social network,284785,1671,2507.1552,146,1410,23,17,0,1
2021-04-20,native,11537651,6007,2206.78919934,71,510,5,9,0,0
2021-04-20,seo,6422,531,372.768,11,70,0,1,0,0
2021-04-20,social network,236875,1138,2067.7734,96,920,13,21,0,2
2021-04-21,native,13755141,7126,2781.37199934,70,480,4,10,1,0
2021-04-21,seo,5822,509,324.7926,7,50,0,1,0,0
2021-04-21,social network,238385,969,2176.46879934,60,560,8,12,0,2
2021-04-22,native,15525094,9982,3482.7144,110,730,10,13,0,1
2021-04-22,seo,7653,656,443.5398,11,90,2,2,0,1
2021-04-22,social network,459721,1798,4150.245,91,890,18,19,0,4
2021-04-23,google display,,,,1,10,0,0,0,0
2021-04-23,native,15610358,9873,3722.16239934,101,660,7,6,0,4
2021-04-23,seo,6321,525,358.0896,6,50,1,1,0,0
2021-04-23,social network,536025,2271,5467.1562,97,880,11,15,0,3
2021-04-24,native,11791430,9592,3207.44159868,76,480,5,12,0,2
2021-04-24,seo,4409,373,253.9482,9,40,0,1,0,0
2021-04-24,social network,514538,2297,6142.69919934,124,1160,19,13,1,0
2021-04-25,native,14903722,10555,4364.7714,102,700,7,11,0,2
2021-04-25,seo,5265,368,284.8296,10,80,2,1,0,1
2021-04-25,social network,686481,2977,6781.75739736,127,1170,17,27,1,0
2021-04-26,native,17637625,9603,3770.7384,97,570,8,3,0,1
2021-04-26,seo,6183,472,289.5024,10,80,0,4,0,0
2021-04-26,social network,752723,3439,6819.4302,127,1190,14,20,0,3
2021-04-27,native,17955706,10418,3913.866,81,620,5,9,2,1
2021-04-27,seo,5775,496,314.226,8,50,1,1,0,0
2021-04-27,social network,849566,4238,7466.66579868,146,1430,24,26,1,0
2021-04-28,native,14860243,9682,3404.77499868,77,520,2,9,0,0
2021-04-28,seo,7084,569,351.1728,10,90,0,4,0,0
2021-04-28,social network,860449,4131,7679.54219868,156,1510,20,41,0,0
2021-04-29,native,16464874,9605,3785.89859934,94,590,5,15,1,0
2021-04-29,seo,8940,715,504.57,8,50,0,3,0,0
2021-04-29,social network,1224722,5159,8972.19179934,210,2090,32,38,0,2
2021-04-30,native,12473846,7785,2839.5114,82,600,4,9,0,0
2021-04-30,seo,7180,585,382.2786,9,60,0,1,0,1
2021-04-30,social network,827520,3251,5532.44339934,164,1590,26,28,0,0
2021-05-01,native,10447889,9308,3019.8564,85,550,8,9,0,1
2021-05-01,seo,7228,634,460.6074,12,110,2,3,0,0
2021-05-01,social network,417316,1890,3220.89899934,83,820,7,12,1,1
2021-05-02,native,11513390,10072,3281.42099934,98,700,8,19,0,0
2021-05-02,seo,8451,738,568.4448,11,80,0,2,0,0
2021-05-02,social network,446048,1749,3236.7192,75,740,13,17,0,1
2021-05-03,native,14129565,8840,3029.9412,81,530,4,11,1,1
2021-05-03,seo,9785,773,494.3928,11,70,1,1,0,0
2021-05-03,social network,398797,1648,3313.3584,85,810,11,19,0,0
2021-05-04,native,11542629,9723,2974.2108,74,480,7,4,0,1
2021-05-04,seo,9015,911,594.3102,14,110,2,3,0,0
2021-05-04,social network,408885,1826,3318.1368,81,780,9,18,0,2
2021-05-05,native,13058206,9558,3338.59019934,94,600,3,10,0,1
2021-05-05,seo,9645,973,641.9292,20,140,2,8,0,0
2021-05-05,social network,426753,2131,3341.8572,105,1020,19,12,0,0
2021-05-06,native,13149518,9419,3346.6818,85,610,10,10,0,1
2021-05-06,seo,8711,832,600.8838,13,100,0,2,0,0
2021-05-06,social network,370645,1687,3340.5834,85,830,16,15,0,1
2021-05-07,native,16661159,10138,4140.78719934,98,640,10,11,0,1
2021-05-07,seo,7741,730,524.9376,16,100,0,3,0,0
2021-05-07,social network,350833,1513,3235.28039934,75,740,12,7,0,0
2021-05-08,native,11568442,8362,3136.81499934,74,420,6,7,0,0
2021-05-08,seo,5001,491,331.3002,4,20,2,0,0,0
2021-05-08,social network,332382,1402,3314.058,69,670,10,13,0,2
2021-05-09,native,12077465,8260,3226.97759868,77,540,3,7,0,0
2021-05-09,seo,5068,437,376.8666,5,40,0,0,0,0
2021-05-09,social network,348318,1470,3341.81759868,67,660,10,7,0,2
2021-05-10,native,13929128,8955,3285.29519868,76,500,7,11,0,0
2021-05-10,seo,8392,742,547.6152,9,80,0,4,0,0
2021-05-10,social network,307322,1225,3174.21059934,57,540,8,6,0,3
2021-05-11,native,15071872,9023,3529.1784,81,590,10,12,0,0
2021-05-11,seo,9227,889,699.6594,13,110,1,4,0,0
2021-05-11,social network,354061,1455,2958.73379934,78,760,14,13,0,4
2021-05-12,native,13600067,8358,3207.2304,84,670,9,8,0,1
2021-05-12,seo,7618,676,498.4254,12,90,1,3,0,1
2021-05-12,social network,367234,1541,3154.4766,67,670,7,10,1,1
2021-05-13,native,11395081,8377,3365.59079934,84,580,6,9,2,0
2021-05-13,seo,5608,454,333.4782,7,40,0,1,0,0
2021-05-13,social network,280607,1092,3113.7018,68,630,5,17,0,1
2021-05-14,native,10968340,7780,3136.66319934,81,600,7,8,0,0
2021-05-14,seo,5775,450,314.457,8,60,0,2,0,0
2021-05-14,social network,321978,1298,2989.9848,68,670,12,8,1,1
2021-05-15,native,10858857,7236,2952.47699934,81,580,4,13,1,1
2021-05-15,seo,4142,290,223.113,5,20,0,1,0,0
2021-05-15,social network,411893,1650,3158.7864,69,680,13,10,0,1
2021-05-16,google display,,,,1,0,0,0,0,0
2021-05-16,native,12277371,7304,3516.5988,90,650,4,15,0,0
2021-05-16,seo,5722,428,298.914,7,50,1,1,0,0
2021-05-16,social network,439990,1734,3058.80959868,63,610,6,11,0,1
2021-05-17,native,14460521,7786,3474.24659934,88,610,5,8,0,0
2021-05-17,seo,8979,803,533.346,15,100,0,5,0,0
2021-05-17,social network,478216,1931,2871.88439934,70,680,12,12,0,0
2021-05-18,native,11457684,7156,2959.8756,86,630,7,14,0,1
2021-05-18,seo,8378,664,461.4654,11,80,3,2,0,0
2021-05-18,social network,507153,1891,3360.73979868,78,780,17,15,0,0
2021-05-19,native,10712287,6773,2701.4988,81,520,4,2,0,3
2021-05-19,seo,9227,727,528.8844,12,100,0,3,0,0
2021-05-19,social network,422846,1539,3199.0068,94,910,13,11,0,2
2021-05-20,native,11662204,7175,2975.6892,96,670,7,8,0,2
2021-05-20,seo,8891,687,473.8338,10,90,1,3,0,0
2021-05-20,social network,425300,1609,3459.2184,69,670,15,11,0,1
2021-05-21,native,9414231,6763,2619.69839934,56,420,4,8,0,1
2021-05-21,seo,8336,671,542.7048,11,70,0,3,0,0
2021-05-21,social network,510969,2111,3676.18019934,109,1050,18,10,0,2
2021-05-22,native,10379649,7222,2984.9688,80,540,8,5,1,0
2021-05-22,seo,7092,570,447.0048,9,60,0,2,0,0
2021-05-22,social network,427158,1804,3716.6514,97,920,11,16,0,2
2021-05-23,native,9573629,7791,3240.4944,80,620,6,9,0,1
2021-05-23,seo,6441,543,456.4164,10,80,0,4,0,0
2021-05-23,social network,487007,1961,4033.4316,115,1080,11,14,0,1
2021-05-24,native,10440079,7948,3209.11799934,88,610,4,13,0,2
2021-05-24,seo,6311,468,375.3948,9,60,3,2,0,0
2021-05-24,social network,539279,3341,3979.26539934,117,1110,14,19,0,3
2021-05-25,native,11249166,7867,2973.07559934,99,680,10,9,0,1
2021-05-25,seo,11535,899,694.2804,12,90,0,4,0,0
2021-05-25,social network,456580,2870,3813.5724,77,750,13,8,0,2
2021-05-26,native,10144040,6880,2757.14339934,86,560,5,8,0,0
2021-05-26,seo,11745,894,756.3006,12,100,2,1,0,1
2021-05-26,social network,381585,2004,3648.55259802,93,850,15,10,0,3
2021-05-27,native,9496036,6679,2854.4802,87,650,12,15,0,0
2021-05-27,seo,11244,850,720.9972,16,110,0,3,0,0
2021-05-27,social network,397942,1883,3649.3644,89,880,14,14,0,4
2021-05-28,native,9262450,6063,2409.9834,82,560,5,8,0,0
2021-05-28,seo,8101,660,612.645,12,110,1,2,0,0
2021-05-28,social network,349443,1924,3654.2814,83,780,14,9,0,0
2021-05-29,native,8190426,6212,2455.299,81,500,2,12,0,0
2021-05-29,seo,5528,396,316.8462,11,70,1,1,0,0
2021-05-29,social network,392389,1770,3687.50579934,79,770,8,15,0,1
2021-05-30,native,9284872,6936,2831.796,81,530,6,10,0,0
2021-05-30,seo,5777,394,361.8516,4,30,1,1,0,0
2021-05-30,social network,435944,1825,3844.82999934,72,680,5,13,0,4
2021-05-31,native,8661276,4767,2066.0442,63,490,9,11,0,1
2021-05-31,seo,8323,560,478.7508,4,30,2,1,0,0
2021-05-31,social network,344811,1573,3295.0368,62,590,8,8,0,0
2021-06-01,native,,,,59,390,2,10,0,0
2021-06-01,seo,,,,7,60,0,2,0,0
2021-06-01,social network,,,,51,480,7,6,0,2
2021-06-02,native,,,,49,310,4,8,0,1
2021-06-02,seo,,,,8,60,0,1,0,0
2021-06-02,social network,,,,66,580,7,11,0,3
2021-06-03,native,,,,82,550,4,9,1,1
2021-06-03,seo,,,,5,40,1,0,0,1
2021-06-03,social network,,,,82,770,8,18,0,7
2021-06-04,native,,,,90,570,7,9,0,4
2021-06-04,seo,,,,5,40,0,3,0,1
2021-06-04,social network,,,,48,430,6,10,0,3
2021-06-05,native,,,,66,440,8,8,0,2
2021-06-05,seo,,,,11,60,1,0,0,1
2021-06-05,social network,,,,79,690,8,16,0,1
2021-06-06,native,,,,121,840,10,12,1,3
2021-06-06,seo,,,,10,90,0,5,0,1
2021-06-06,social network,,,,60,490,7,9,0,0
2021-06-07,native,,,,68,440,5,11,0,0
2021-06-07,seo,,,,6,60,0,3,0,0
2021-06-07,social network,,,,50,360,2,12,0,1
2021-06-08,native,,,,59,430,7,7,0,0
2021-06-08,seo,,,,11,70,3,1,0,0
2021-06-08,social network,,,,52,440,4,10,0,0
2021-06-09,native,,,,63,470,7,5,0,0
2021-06-09,seo,,,,9,60,1,1,0,1
2021-06-09,social network,,,,43,360,2,9,0,0
2021-06-10,native,,,,78,570,4,9,0,0
2021-06-10,seo,,,,7,40,0,1,0,0
2021-06-10,social network,,,,39,350,4,7,1,1
2021-06-11,google display,,,,11,60,0,0,0,0
2021-06-11,native,,,,61,460,5,10,0,0
2021-06-11,seo,,,,8,60,0,3,0,0
2021-06-11,social network,,,,41,370,8,7,0,1
2021-06-12,google display,,,,13,60,0,1,0,0
2021-06-12,native,,,,66,530,4,5,0,1
2021-06-12,seo,,,,5,50,0,3,0,0
2021-06-12,social network,,,,24,220,1,4,0,0
2021-06-13,google display,,,,14,40,0,0,0,0
2021-06-13,native,,,,85,670,8,13,0,2
2021-06-13,seo,,,,3,30,0,0,0,0
2021-06-13,social network,,,,46,390,6,7,0,0
2021-06-14,google display,,,,1,0,0,0,0,0
2021-06-14,native,,,,86,600,6,14,1,0
2021-06-14,seo,,,,13,110,0,2,0,1
2021-06-14,social network,,,,53,450,3,9,1,0
2021-06-15,native,,,,90,700,9,8,2,3
2021-06-15,seo,,,,15,110,0,3,0,1
2021-06-15,social network,,,,44,370,4,9,0,1
2021-06-16,google display,,,,2,0,0,0,0,0
2021-06-16,native,,,,78,560,14,5,0,0
2021-06-16,seo,,,,4,40,0,0,0,0
2021-06-16,social network,,,,47,440,7,9,0,1
2021-06-17,google display,,,,1,10,0,0,0,0
2021-06-17,native,,,,96,790,10,14,0,1
2021-06-17,seo,,,,11,70,0,1,0,0
2021-06-17,social network,,,,48,450,5,12,0,1
2021-06-18,google display,,,,17,50,0,1,0,0
2021-06-18,native,,,,44,370,1,9,0,1
2021-06-18,seo,,,,6,50,2,1,0,0
2021-06-18,social network,,,,33,290,2,6,0,0
2021-06-19,google display,,,,3,10,0,1,0,0
2021-06-19,native,,,,49,390,3,10,1,1
2021-06-19,seo,,,,6,60,1,1,0,1
2021-06-19,social network,,,,52,450,5,5,0,1
2021-06-20,google display,,,,1,10,0,1,0,0
2021-06-20,native,,,,80,670,1,17,0,1
2021-06-20,seo,,,,7,40,1,0,0,0
2021-06-20,social network,,,,88,730,10,13,0,0
2021-06-21,google display,,,,1,0,0,0,0,0
2021-06-21,native,,,,73,580,10,12,1,1
2021-06-21,seo,,,,15,120,2,5,0,0
2021-06-21,social network,,,,76,590,8,13,0,0
2021-06-22,google display,,,,2,0,0,0,0,0
2021-06-22,native,,,,51,390,9,9,0,0
2021-06-22,seo,,,,16,130,1,4,0,0
2021-06-22,social network,,,,76,700,9,15,0,2
2021-06-23,google display,,,,6,10,0,0,0,0
2021-06-23,native,,,,74,630,9,14,0,1
2021-06-23,seo,,,,9,70,0,3,0,0
2021-06-23,social network,,,,61,540,4,14,0,0
2021-06-24,google display,,,,1,10,0,1,0,0
2021-06-24,native,,,,34,270,3,3,0,2
2021-06-24,seo,,,,14,110,0,3,0,0
2021-06-24,social network,,,,62,580,4,10,0,0
2021-06-25,native,,,,20,150,0,5,0,0
2021-06-25,seo,,,,16,120,0,6,0,0
2021-06-25,social network,,,,69,640,5,10,0,2
2021-06-26,google display,,,,8,20,0,0,0,0
2021-06-26,native,,,,14,130,0,6,0,0
2021-06-26,seo,,,,6,40,0,3,0,0
2021-06-26,social network,,,,57,490,1,11,0,3
2021-06-27,google display,,,,2,0,0,0,0,0
2021-06-27,native,,,,41,330,1,9,0,1
2021-06-27,seo,,,,9,60,0,1,0,0
2021-06-27,social network,,,,77,710,5,14,0,1
2021-06-28,native,,,,70,560,7,13,0,0
2021-06-28,seo,,,,15,70,0,2,0,0
2021-06-28,social network,,,,64,520,6,5,0,1
2021-06-29,google display,,,,1,0,0,0,0,0
2021-06-29,native,,,,79,600,3,15,1,1
2021-06-29,seo,,,,15,140,1,6,1,1
2021-06-29,social network,,,,57,530,8,10,0,0
